{"cameraMode":{"drawMode":0,"name":"Shaded","section":"Shading Mode"},"sceneLighting":false,"audioPlay":false,"sceneViewState":{"m_AlwaysRefresh":false,"showFog":true,"showSkybox":false,"showFlares":true,"showImageEffects":true,"showParticleSystems":true,"showVisualEffectGraphs":true,"m_FxEnabled":true},"in2DMode":false,"pivot":{"x":0.03252515196800232,"y":0.8810333013534546,"z":5.960464477539063e-8},"rotation":{"x":0.07279004901647568,"y":-0.6119204163551331,"z":0.05670316517353058,"w":0.7855298519134522},"size":1.3060318231582642,"orthographic":true}