{"cameraMode":{"drawMode":0,"name":"Shaded","section":"Shading Mode"},"sceneLighting":true,"audioPlay":false,"sceneViewState":{"m_AlwaysRefresh":false,"showFog":true,"showSkybox":true,"showFlares":true,"showImageEffects":true,"showParticleSystems":true,"showVisualEffectGraphs":true,"m_FxEnabled":true},"in2DMode":false,"pivot":{"x":-0.0945199728012085,"y":0.4345112144947052,"z":0.10663266479969025},"rotation":{"x":0.11798616498708725,"y":-0.5534926652908325,"z":0.07958091050386429,"w":0.8206110596656799},"size":0.6879351139068604,"orthographic":true}